<?xml version='1.0' encoding='UTF-8'?>
<ApplicationDetails>
    <System Name="XYZ">
        <Application>
            <ApplicationId>101</ApplicationId>
            <ApplicationName>XYZ</ApplicationName>
            <ApplicationParameters>--verbose</ApplicationParameters>
            <ExecutablePath>./use/local/lib</ExecutablePath>
            <FaultTolerance>1</FaultTolerance>
            <MaxInstance>1</MaxInstance>
            <MinInstance>1</MinInstance>
            <Screen>SCREENUPPER</Screen>
        </Application>
        <Application>
            <ApplicationId>102</ApplicationId>
            <ApplicationName>yt</ApplicationName>
            <ApplicationParameters>t</ApplicationParameters>
            <ExecutablePath>t</ExecutablePath>
            <FaultTolerance>1</FaultTolerance>
            <MaxInstance>1</MaxInstance>
            <MinInstance>1</MinInstance>
            <Screen>Screen 1</Screen>
        </Application>
        <Application>
            <ApplicationId>103</ApplicationId>
            <ApplicationName>re</ApplicationName>
            <ApplicationParameters>er</ApplicationParameters>
            <ExecutablePath>er</ExecutablePath>
            <FaultTolerance>3</FaultTolerance>
            <MaxInstance>2</MaxInstance>
            <MinInstance>2</MinInstance>
            <Screen>Screen 2</Screen>
        </Application>
    </System>
    <System Name="XYZ">
        <Application>
            <ApplicationId>202</ApplicationId>
            <ApplicationName>CXYZICS</ApplicationName>
            <ApplicationParameters>--verbose</ApplicationParameters>
            <ExecutablePath>./use/local/lib</ExecutablePath>
            <FaultTolerance>1</FaultTolerance>
            <MaxInstance>1</MaxInstance>
            <MinInstance>1</MinInstance>
            <Screen>SCREENUPPER</Screen>
        </Application>
        <Application>
            <ApplicationId>203</ApplicationId>
            <ApplicationName>yt</ApplicationName>
            <ApplicationParameters>t</ApplicationParameters>
            <ExecutablePath>t</ExecutablePath>
            <FaultTolerance>1</FaultTolerance>
            <MaxInstance>1</MaxInstance>
            <MinInstance>1</MinInstance>
            <Screen>Screen 1</Screen>
        </Application>
    </System>
    <System Name="XYZ">
        <Application>
            <ApplicationId>202</ApplicationId>
            <ApplicationName>XYZ</ApplicationName>
            <ApplicationParameters>--verbose</ApplicationParameters>
            <ExecutablePath>./use/local/lib</ExecutablePath>
            <FaultTolerance>1</FaultTolerance>
            <MaxInstance>1</MaxInstance>
            <MinInstance>1</MinInstance>
            <Screen>SCREENUPPER</Screen>
        </Application>
        <Application>
            <ApplicationId>203</ApplicationId>
            <ApplicationName>yt</ApplicationName>
            <ApplicationParameters>t</ApplicationParameters>
            <ExecutablePath>t</ExecutablePath>
            <FaultTolerance>1</FaultTolerance>
            <MaxInstance>1</MaxInstance>
            <MinInstance>1</MinInstance>
            <Screen>Screen 1</Screen>
        </Application>
    </System>
</ApplicationDetails>
