<?xml version="1.0" encoding="UTF-8"?>
<Layouts>
    <Layout Name="default" Path="D:/DELHI/QT_SHARED_LIB/ARCH/SmartMainLibrary/build/Desktop_Qt_6_8_0_MinGW_64_bit-Release/libSmartMainLibrary.dll">
        <Zone Name="zone1" Component="header" Type="fixed"/>
        <Zone Name="zone2" Component="mainscreen" Type="fixed"/>
        <Zone Name="zone3" Component="footer" Type="fixed"/>
        <Zone Name="zone4" Component="settings" Type="dynamic"/>
    </Layout>
    <Layout Name="threeZone" Path="D:/DELHI/QT_SHARED_LIB/ARCH/SmartMainLibrary/build/Desktop_Qt_6_8_0_MinGW_64_bit-Release/libSmartMainLibrary.dll">
        <Zone Name="zone1" Component="header" Type="fixed"/>
        <Zone Name="zone2" Component="mainscreen" Type="fixed"/>
        <Zone Name="zone3" Component="setting" Type="dynamic"/>
    </Layout>
</Layouts>
