<?xml version='1.0' encoding='UTF-8'?>
<ApplicationDetails>
    <Application>
        <ApplicationId>101</ApplicationId>
        <ApplicationName>CICS</ApplicationName>
        <ApplicationParameters>--verbose</ApplicationParameters>
        <ExecutablePath>./use/local/lib</ExecutablePath>
        <FaultTolerance>1</FaultTolerance>
        <MaxInstance>1</MaxInstance>
        <MinInstance>1</MinInstance>
        <Screen>SCREENUPPER</Screen>
        <SystemName>fd</SystemName>
    </Application>
    <Application>
        <ApplicationId>yty</ApplicationId>
        <ApplicationName>yt</ApplicationName>
        <ApplicationParameters>t</ApplicationParameters>
        <ExecutablePath>t</ExecutablePath>
        <FaultTolerance>1</FaultTolerance>
        <MaxInstance>1</MaxInstance>
        <MinInstance>1</MinInstance>
        <Screen>Screen 1</Screen>
        <SystemName>yt</SystemName>
    </Application>
    <Application>
        <ApplicationId>er</ApplicationId>
        <ApplicationName>re</ApplicationName>
        <ApplicationParameters>er</ApplicationParameters>
        <ExecutablePath>er</ExecutablePath>
        <FaultTolerance>3</FaultTolerance>
        <MaxInstance>2</MaxInstance>
        <MinInstance>2</MinInstance>
        <Screen>Screen 2</Screen>
        <SystemName>re</SystemName>
    </Application>
</ApplicationDetails>
